{"cameraMode":{"drawMode":0,"name":"Shaded","section":"Shading Mode"},"sceneLighting":true,"audioPlay":false,"sceneViewState":{"m_AlwaysRefresh":false,"showFog":true,"showSkybox":true,"showFlares":true,"showImageEffects":true,"showParticleSystems":true,"showVisualEffectGraphs":true,"m_FxEnabled":true},"in2DMode":false,"pivot":{"x":-16.928695678710939,"y":3.486522912979126,"z":-7.711156368255615},"rotation":{"x":0.01524081826210022,"y":0.7265836596488953,"z":0.016126111149787904,"w":-0.6867200136184692},"size":13.335539817810059,"orthographic":false}